platform,user_name,user_id_hash
reddit,DrivesInCircles,958dee712c7db5d8
reddit,Good_Poop,8f5262cc976a83bb
reddit,miniatureaurochs,da923d2d5b69a6b3
reddit,Raignbeau,61f1f158a75e89cd
reddit,Matty_Cakez,921dbedae78c625b
reddit,nowandtomorrow,df619975bf272fdf
reddit,Business_Big_5821,39ea76d7585cce84
reddit,Much-Log3357,f28dd18d58c3a568
reddit,mysteriousears,c21a02cb9f7dc2de
reddit,jmc1278999999999,20c5776979e856da
reddit,sadposting0,9bf325fc9af8dad9
reddit,NetScr1be,37c83d6b62ed4509
reddit,StrawberryNo9535,e537f439b4792eb2
reddit,Embarrassed-Work8782,afa8b660ef029c3c
reddit,Boneyabba,c38a77cf947df934
reddit,Tracer900Junkie,6d65f91dd5345c7f
reddit,bluesgirrl,e0786f7e895187f1
reddit,Nemona2,4c0f9db41564de4e
reddit,karatecorgi,0f518104cf4e916d
reddit,OceanBound_Soul,020283bf2f544e04
reddit,SenseBudget7572,e9ca25a476f37c4d
reddit,MaNuvZ90,a471cc29be9963ec
reddit,SelectExtreme2044,9b7719f06d2a7863
reddit,Analyticalmushroom27,e5dd5518d759753c
reddit,Anton_bumcheeks,9d4d3dc8f394b555
reddit,Faendina,4b879934d06f1788
reddit,OriginalNo9300,4fca9fe9cc8df637
reddit,Specialist-Hat-6716,d1004c73f667a111
reddit,AustinShowers,96b54a6d84b71af4
reddit,Front_Sugar4784,9f7ff9854be68e1b
reddit,Arkvoodle42,146f721588a9da2d
reddit,enigma_anomaly,eaee3b4624675c62
reddit,wordvomitonthedaily,8b139d74090a1d17
reddit,dyselxic_carrot,6dee2d41c2e304bf
reddit,vitality_ox,644bc314fb67bb36
reddit,Awsome_N3rd,d83812195c7a3ed0
reddit,Honest-Plane9987,c894c154b09d27c3
reddit,Bright_Hornet9809,54522d8f6469ff39
reddit,strbbb,12c1215296a84fc5
reddit,Sardonyx1622,bf7542100575c815
reddit,woeful-wisteria,e9cdb6d1f1bf16ea
reddit,Fluorite_Cove,0d7e47b704435d5c
reddit,Emotional_Relation38,25aa95ff238bbccd
reddit,Neon01,047b8496d14f5278
reddit,arh1924,f51cb6fd53ac053c
reddit,No_Host_6978,0e661e34a04e27f3
reddit,ApprehensiveChip4190,2bcb7f942fb9899a
reddit,xfvneralx,6398dcb78c1de945
reddit,EntertainmentSome448,09525f552d778ebf
reddit,Late-Breadfruit6996,b30242f691f39d66
reddit,AutoModerator,ac31a11084d41dec
reddit,Objective-Field-211,4917baa642da8f13
reddit,strefawtf,43e9a8c1b1fdef35
reddit,Gigantanormis,65d597730d0bf0e3
reddit,me2saucy,f1d3d85b8c5142a3
reddit,Affectionate-Bat7827,ba282e8d67f1bff5
reddit,BodhingJay,821f55e5c44570b3
reddit,Intrepid-Plate8320,0e3ac2accb45aeb6
reddit,LongjumpingPilot8578,4001802257a73ba2
reddit,ysh7k,9efd2132731b70c8
reddit,zillabirdblue,51c22a42c587ce4c
reddit,Bubbaisagoodboy,5788e576b726c54b
reddit,Unsuccessful-fly,bd0c7f9c44e1bdef
reddit,MegCaz,9c3cd5a62956d52a
reddit,ThnksfrthMmrss-,100b237a0f8636d1
reddit,Kritika0,ea8fe6884da9651b
reddit,_Etherin_,10c52036dd5edac0
reddit,various_butterfly_8,81fb84a46acfc21f
reddit,LongJalapano,e54c803dfc12fd83
reddit,EverydaySushi,792749e830ac3405
reddit,Sapphire_Storm21,150a500ef7df16b1
reddit,call_sign_viper,fc354ec3829045a4
reddit,DrIndigenous,197903532f677e3b
reddit,Silly-Comfortable515,4e29ac7fff655e22
reddit,Happy_Bee_2121,5fd5f81eb9e67051
reddit,heroinapple,e57b31ffbd4adace
reddit,mattysosavvy,94e4622a9d2cb8f9
reddit,Alex_003j,f838efed7cc7830e
reddit,MelancholyMare,3a639ac0d88f89d9
reddit,dreamsinred,5e1412cbc2bfd4dc
reddit,mattbattmatt_yt,37209fb5e54c5b2c
reddit,Mysterious-Memory188,558d1562fc45265f
reddit,flexout_dispatch,040a1b4f5efc3f9c
reddit,Dankymakdonkers,73f739200c12a22e
reddit,FewIntroduction5008,2ede8f197fe2890a
reddit,dogsandcatslol,d9ea53fdaaee3bbc
reddit,voidprophet__,a68ee1a197157eb6
reddit,NineSkiesHigh,8c53069411bde4a8
reddit,jerrycoles1,94dbe7121a2b92fc
reddit,CrashnServers,b3a9435ab693f3f6
reddit,deadcelebrities,7e94c4b1d6d5a357
reddit,PimpJuice913,7d5d47eece6a9b12
reddit,pallflowers5171,d00eff368cde3051
reddit,krystalevenstar,45134bc4cad471dc
reddit,pardonmyblake,f38530ce93309a51
reddit,dystxp,72966ab52775ebfd
reddit,curve-former,feb0901fcb960416
reddit,DangerousImpress5509,089293e5c376171b
reddit,RedLineYTB,46d1774a32a9abff
reddit,Accomplished_Lab6332,fc2f8661e0a0fc07
reddit,Forever_Alone51023,e80cb234fe034c96
reddit,Signal-Department317,84d519a97cf6ec1e
reddit,little_tobi9x,838a84325875c86b
reddit,Front-Stable2612,493a0c5024087ff5
reddit,rngeneratedlife,8b7eb2fc23307940
reddit,RegionParking9561,dad1ddd32210071c
reddit,Fawlow,1143bc924e20883d
reddit,Koyomihentaianimefan,6c6d7698eb8c3f6b
reddit,CPT_Beanstalk,9555288bf3e58f12
reddit,Needhelp1382,59f2a4b4237d7a0c
reddit,whoocaresnotme,66d9c613943d5a16
reddit,ApprehensiveWord4234,ee498c7ed59f830c
reddit,notlizzygrant,017c957a12cf8aea
reddit,celestialastrid101,f320c817e63c4ae6
reddit,wolfie_boy8,eba5d9932b70695b
reddit,Anxious-Grand6089,a4cf08f9444a009a
reddit,M3629,9392d77a6526f829
reddit,Mei_iz_my_bae,81705fc7df958e7c
reddit,ThatStonr,39b51ec4cabc3b1d
reddit,Ok-Complaint-37,6127cde0964cc3a3
reddit,_ilikecmyk_,89e3a9c42cb82a43
reddit,Mysterious-Wasabi103,128f7b5fbfa79b62
reddit,BlueTiger550,4ac54e0ada5d470b
reddit,East_Technician9542,b91c7c50adf37923
reddit,banana_in_the_dark,4c0060324a540fa7
reddit,MelonCZ128,7153c15ee2df49af
reddit,Purchase_Livid,1d922de18b3e5a5e
reddit,vampykiss,b4c824a074611880
reddit,Blastoffboi108,b4e3397313d63c5e
reddit,Schofie15,7fe47a7de43cae43
reddit,Pristine-Mammoth-17,8a19a26ef58ca2d9
reddit,filearu,9cc0f845b08cfa66
reddit,WyvernJelly,41a3cf58d3d523ed
reddit,PaintingByInsects,fd22705eb3d614c7
reddit,Boring_Pressure7453,a7771f027660ac93
reddit,Sometimes-SF,f13ad160955aab34
reddit,Reasonable_Peak41,92a0700a7ff0d1d3
reddit,Busy-Equivalent-4903,a45bfd7e4d0f2083
reddit,ZTeam534,4a1fd0c3449a09f0
reddit,Silly-Cup-9908,a678c919664b4a25
reddit,AdvantagePleasant166,ce9c1559e472c266
reddit,applefrickinsauce,3a2f38ef16f2dade
reddit,ZingingCutie97,ad179ab70268e83f
reddit,MentalHealthJ,1b84c7192effec95
reddit,Curious_Second6598,acbed8648c0c487b
reddit,ankhang93,f46add46b7b903f6
reddit,klineOmania88,7cf4750b9a5ae56a
reddit,Affectionate_Tart_81,d90b487d0372b570
reddit,Hot_Argument_9256,8586566392b8914f
reddit,LegComfortable1660,55b9532b0623e5f5
reddit,NorwegianAmericanBal,50052970608e912b
reddit,samlefrog,07cc3aafb96e13e4
reddit,BirdOld1965,c2b0dfb03ffdf58c
reddit,Mysterious-Salt2294,fb8f5027ba1535ae
reddit,CosmicCreeperrs,b33ad12bb8c7b00a
reddit,Eastern_Sail_5979,41dc9151e3b71f79
reddit,marsskix,01652c7b60470426
reddit,DarkAdmirer,e6da7b642e6ac45c
reddit,Rocky428,efc2b6dfc0c98b2b
reddit,sad_loaff_of_bread,f0003f30565ab946
reddit,UnknownLeaf4,4f6ef46d366cdbbc
reddit,SPETER3018,15aa1280fe53df40
reddit,Fine-System-9604,e903c0e7f1d32048
reddit,deareaders,709b0bbd7bb34947
reddit,Classified4289,f4b6773ce5db7ab0
reddit,voodoo223556,39368736ddf8bd6e
reddit,JustASilentWhisper,8f36becc3ba55aa9
reddit,Boring-South5810,2f6b45fec88288ed
reddit,ConsistentDig972,fee79d1adbb8e2f2
reddit,secretdairy22,42d1a0be03ff147d
reddit,Soft-Engineering8432,54b6df8a89e3329e
reddit,kvolm2016,ab1297c6c3cdfde6
reddit,eljyon,884dc87d8e00e01a
reddit,kristen_hewa,9de021dd515fe1d8
reddit,Big_nutboy,d1c440a2a873d031
reddit,Extra_Indication_469,26de8ae6f7fd35cd
reddit,Businessinsider-13,35f46c778bc0f7ed
reddit,Ok-Philosophy-7095,3f299dcd68793dc8
reddit,HistoricalDisk387,fdf27d8855e770b4
reddit,FinIey42,08c94fce05997f6b
reddit,martdca,9760f112ed66d9cc
reddit,dayshaunm,03312cc157ac750f
reddit,CantaloupeSilver5253,a7ef9c37fffa7e66
reddit,wilsonwilsonxoxo,34ca056713a98194
reddit,SnooStrawberries2955,f0aabf8fb1d061db
reddit,Igetbar2348,6c9b4a56c407b912
reddit,SavourLeScrewCapAway,d5887e883441616c
reddit,Aggravating_Pie_9342,8c9ab4ea93fc5eaf
reddit,Glad-Passenger-9408,766e81099b5ea0c0
reddit,ArtWannabeHoney,1c22170bd392e0e5
reddit,MetalPsycho,8dbe8a8d8b4a6875
reddit,Blur997,4b956a70d15d8662
reddit,Common-Fail-9506,9403f9964ccad936
reddit,scaredandcryin,8280d32c786026c2
reddit,Martin_Kirtz,ddb8f2505650e2e1
reddit,Necessary-Peanut4226,dcdd00e56ea4da29
reddit,BlueberryWide1611,50823da77b6a9d42
reddit,Johnnys-In-America,224acf511a774906
reddit,cherryfondue,106750baab1fb88a
reddit,Civil_Leopard623,928b8463ca884398
reddit,Kellyjt,d497a4c24399689d
reddit,unabatedshagie,43f4a6d9fef342ca
reddit,butterNUTfun,695df2a7d37d99e7
reddit,igneousink,0e95717c54cfb326
reddit,necothefirebender,760aa6b7f3cf4034
reddit,chelupa1991,7efb380fc8ed5429
reddit,ccaz323,d9d4ce9625766819
reddit,Objective-Net7668,fec3507528f2d416
reddit,Jazzlike_Blueberry_1,48d397d84f0b327a
reddit,oooops_ididitagain,907f4c7437ed3a0b
reddit,Affectionate-Green78,46e967010ee966a5
reddit,No-Chocolate-3000,3d10ae91610960a6
reddit,AdLimp6113,13554e207961a217
reddit,averyvoluptuousfairy,6a6d1e3921da3a82
reddit,xx_rissylin_xx,83a013fee2950595
reddit,---Fallen---,4acfeffa5d7f34b8
reddit,pinocoyo,3ddd7530f107ccf4
reddit,SignificantBasket165,9bd5852e6bd8c2d3
reddit,gori_sanatani,0cf755a4e162906d
reddit,Sea-Wait1314,6b784be3411e4f8a
reddit,OptimalDescription39,802a47b230eb5f13
reddit,Outside-Asparagus-79,e8ecdd4cc70f73aa
reddit,Apprehensive_Dog2590,85fad746ddf22c57
reddit,EarthyRepertoire,98a637dcc417b3bb
reddit,St_biscuit,248bf855faa22ff0
reddit,hommus84,93a64ca63a65d3f3
reddit,lonely_shirt07,e350a99b91c075b3
reddit,Shellypie8,3d029840f1d81917
reddit,MclovinVRC,6a05f0642de90c13
reddit,Stories-N-Magic,5b9839c286b0859c
reddit,Beautiful-Project823,9169e5e30ceed137
reddit,Advanced_Tough2097,8ab9df97a328af4f
reddit,oracleifi,a1ffbe9ce770f1bd
reddit,Spoopy_Lizbean,80edec5bcfd3eeb2
reddit,Cochesdechoque,2d7266a2ec3519aa
reddit,AnyAliasWillDo22,137e31f30cfba1ac
reddit,willow_269,e6cd64782596e7a8
reddit,Happy_Bee1,c9433e67653a5109
reddit,undermicroscope3,bdb0527976b5a546
reddit,Bobbie94112,ba6ce5c031e89eb1
reddit,Fit_Garden_4909,81b599125fea269d
reddit,beanebaby,0176115e5478ae0b
reddit,Clear_Avocado_167,17aa278e6f399790
reddit,vincizyn,54e18368fc4b70e8
reddit,Ok_Hurry_5699,9f2fe9d01e0d5616
reddit,Rohn_John_0083,b62782c1d0d32cad
reddit,MaimedTiger,e4d58c2edd4326a9
reddit,Complex_Push9985,6186a1add93fe5ac
reddit,haileyyy21,fde673b235dbcd8c
reddit,Free-Advance-7874,2f399e192d2f7f8d
reddit,hchnyu,d3c6c57c2ad634e9
reddit,MissCherryCake,367f630fa24bba5d
reddit,Worldly_Bill_6801,3457f17438a7a34a
reddit,upsidedownsq,8765e68343d0ef09
reddit,SQLwitch,bd59b8d64e392720
reddit,scorpiontank27,14dac378b9fb183f
reddit,BloodyClash1133,05cfd168e4075ff7
reddit,000000-,cead60394f9918c8
reddit,UnclePandaDoesReddit,4e03d07d1360087b
reddit,RastaNL,e58d859b5064f520
reddit,paper_panties,7321a16478fc8a67
reddit,EchoJunior,42e365b5f316a702
reddit,Wasteofskin50,08014314ea88810d
reddit,Beverlydriveghosts,bf2e474f323c4696
reddit,FluffyPanda42,4cb167118ffd018e
reddit,TheGhostHayes,1fb3ffb0ea5ff021
reddit,marshfell0w,12c8317a9c4b15e4
reddit,mitsukaikira,14fd0b3f4e56c359
reddit,MMachy,23a2160b731e1373
reddit,Dabok,47180c81ce52a429
reddit,VisitorFromC-137,52c935194fbfd0cf
reddit,StrikerBass_Bear,9dbaf9c57e445496
reddit,Kacper42PL,001c161521ca9cd7
reddit,bloodstainer,9d2d3715fdfaeb68
reddit,Waste-Whereas5725,69d44bc319019c33
reddit,tripacer99,8298e321d3df4507
reddit,Fine_Arm_4092,a48c666cb3c1e4e6
reddit,Euphoric-Ad1869,b8c68c44ae23506f
reddit,oldasndood,f81167782c85a65c
reddit,RatiTimothy,0192582fe6b3ca21
reddit,7027uvw3i66,5379b724435bb37d
reddit,Background-Studio841,aca0d27c89744e59
reddit,New_Perspective04,235bc96cebd50a82
reddit,Son_Of_Mr_Sam,879d5046ac3d6fd5
reddit,bibitybobbitybooop,eca277bb15191d00
reddit,flyingbutter2497,3b5cb5bb6e2f6fe5
reddit,Alex_py7,dc4399b8ee8d0a54
reddit,wutdefukk,2d05671d1fde10ae
reddit,penumbraramen,41532b02ff162c79
reddit,ComprehensivePeanut5,a6546842a42446e2
reddit,K4yr0,be7aa025f5a8eca5
reddit,Jeffrey-2107,8b18d7af49d692aa
reddit,Silver-Way-5288,3d2979c65544dbe1
reddit,ChooChooMcChug,99d63297876d43ce
reddit,Knightfall0790,845166848056a7a6
reddit,Soul_Catcher_,09fb87db26395e80
reddit,Sufficient_Cloud3735,3c1d1b950a38aa13
reddit,Less_Echidna_6668,0951ba79ef93f657
reddit,ChampionshipWeary380,eb38de91255025bc
reddit,subtle_attaker,d06a36f86efbfa21
reddit,TheInternetTookEmAll,52265f3e50cbfb27
reddit,WestTxGrg,903a0ac84ee22693
reddit,TonyHansenVS,f18e978c08409cc0
reddit,Inevitable_Coat_8787,837ba440f7abb946
reddit,FunnyGamer97,646962aedcea734d
reddit,WoahGuyOnTheInternet,ec6fea488599c1ee
reddit,HugeInvestigator6131,785013ec763d3da0
reddit,True_Entertainer8156,96818a446af35443
reddit,WishboneFine2434,163b1f646e7bacb0
reddit,sheSharkoh,5ca29bf3440ff229
reddit,blanketwrappedinapig,eb4eeba6ee03c460
reddit,Stellarbrew,74e2fddc254912b3
reddit,Billytense,80f97a3c4a8ce5a1
reddit,Florida1974,f50645f4db04f76c
reddit,Junior_Lavishness_96,f8b09dbd122796df
reddit,iknewlividity,7c72305a0097fd29
reddit,Jach3245,39d28b54bdbde6cd
reddit,gobnyd,547e613cfcfaf99a
reddit,Abject_Rate_7036,c6c634bd88a792f0
reddit,ADreamOrScream,51de6c67c9d65f7a
reddit,Specialist_Can5622,1660d8cd0e4b07d4
reddit,Bitter_Guest9281,721fa16311523aae
reddit,Low-Maize7947,6805d99e945f0580
reddit,Freyja_Nimueh,c696d928a2b4a0a8
reddit,karmaluey,142852d619123570
reddit,Dazzling-Falcon-9666,6201311a9b383f2b
reddit,Eterneux,52a83990fe2e82cb
reddit,Michelle_38,21821bc417bfff57
reddit,operatic_birb,671b86fe391e652a
reddit,ExhaustedMagi,f9d39bb7297423f4
reddit,PresentationPrior949,e2281d49d19631cd
reddit,koky_6756,455552509834921c
reddit,lawlesslawboy,66fa7d2049f560ad
reddit,sxlyveere,789426682e3fb618
reddit,karatelobsterchili,9f1d276fcab108ed
reddit,No_Profit_8690,cdb5257329f3d5b7
reddit,HealthRocket96,877690524ecd756f
reddit,Lee-Lee-05,d81947b54cf7a65c
reddit,StrikeAlone72,94066a3e2704d649
reddit,TrowaMask,33d0e5049c8a8be4
reddit,kellylynnreome,4830c9decfa1cdc6
reddit,Mojoneutron,13455b02a629eee8
reddit,llartistll,5fa2c01eacaf092b
reddit,Efficient_Ad1489,19a4a301b7dafc32
reddit,-Curious-Pineapple-,5b3e7594a544af9d
reddit,astrasaurus,8837fb259fe0a9c7
reddit,thecreepycanadian13,3d9f80d3b1e42302
reddit,Regretfulcatfisher,81f88f37daa29b11
reddit,Goofus564,89989939643df336
reddit,backwoodsbatman,33004046b31268ee
reddit,snowy_thinks,d810d8b085af4389
reddit,BlackerBerri,790e01628d5b2722
reddit,Dirt-bikeraver90,76aad167fedf8a0d
reddit,A_koalanamedfred,a73c2e7a09059356
reddit,MenmaSenpai_PH,24801c80ab2edf6a
reddit,insolitudeisleep,91ae6c911553049c
reddit,vollkornbroot,cdeeda12656e05e5
reddit,priestsboytoy,8abbb32bb90018a2
reddit,Neither_Detail5645,a56d1e2f8d949929
reddit,TesuraGrimm,66f589f763556152
reddit,boozener,582c017da98ac4f4
reddit,jayboycool,d7a02ebe4bc70bdd
reddit,Independent-File-519,541e389f0c53a7cc
reddit,TemporaryThink9300,8225f036bda2b58a
reddit,UnknowinglYsayingS,ffce4d832c3cfd0a
reddit,Chocolate-nest,255d19344103d4e5
reddit,Quietudequiet,d2cf34d2e56e3bc4
reddit,Stray360,92a6732201e94b2b
reddit,nightbee1501,9e91d08455e465ca
reddit,ginnundso,739fe2900195ff9c
reddit,CasperRevived,6e2c4183e249635b
reddit,IntergalacticTater,ef8e4a8582d43ac9
reddit,Sureitsaya,d9571267aa5bf6bb
reddit,haligma,b07268634103c3f5
reddit,Fantastic-Bad2073,91044b7a980aa63f
reddit,Apprehensive_Toe6736,432baa87f78217d5
reddit,asdasd32138,eedf190e1b370601
reddit,BrilliantAd6107,ddd955aa15987891
reddit,Hot_Host_524,b4909367d2dbcfec
reddit,Fearedlady,56a02426524253dc
reddit,Holiday_Reflection70,22e937cc25a8f4a3
reddit,Ok_Property_6016,168615a1d41eee98
reddit,SignificantWar20,6aa262a65d9bda4f
reddit,Express_Kick6695,2a7b8152837403ee
reddit,HP_Fusion,b30b4ec3c6727cfb
reddit,Azure125,2364d00d3cc86d27
reddit,centralvoid__,286e1fa154bce428
reddit,vividfairy11,9dfb167998aec5c1
reddit,breadpeanuts,0e72c0754057e2d8
reddit,PragyaRS,5442a3c99ea0df4e
reddit,Solid-Accountant1915,c214603b9647094a
reddit,Water_Ways,6f18c770a3c1ab98
reddit,Fluffy__demon,29a5c6e8e94d701e
reddit,Default-88,ade4efa51e136416
reddit,Flat-Hall5463,418fae2420bcd1de
reddit,Dayvan_Dan,3b517dc08a63baee
reddit,Consistent-Number477,1ccd4ca5a7260f45
reddit,lonaree_,f28677015b359fcf
reddit,ImranPhoenix,31470786a74af1ec
reddit,Lee_Harden,b63e8b24d0f9133d
reddit,Brave_Tooth7216,025bfb6954883bbc
reddit,RogueJester_,1b6280c5bdb1dda7
reddit,Complex-Homework-496,4bfcf72962ca04a0
reddit,doktorfuturee,85ce7dbf94430161
reddit,srryboutdat_hmm,ffdf92a0fc1ef585
reddit,GeologistOver4513,a8c40429e4ba7d92
reddit,FalopianTrumpeteer,a2cbeadc55c86c8e
reddit,MaoooX3,5bd338bfbdb63008
reddit,Apple_happle,7ae9e306ab309192
reddit,etheeea,82311913005a4d43
reddit,Accurate-Carry8970,cd43f038cdab294f
reddit,zappyzap80,3b50ec656908193a
reddit,lweb80,92da3565992c5042
reddit,Party-World7601,078d6bdb14bda9b1
reddit,metalion4,31c6219bbbf32e2d
reddit,HalloWeiner92,380b8861cd7399c4
reddit,Kreeynightlady,b8f9faca819af6dc
reddit,ReikoKuchiki,8174f2505be8f0a6
reddit,codered8-24,eec6bf73a5255c6b
reddit,KyKyber77,4760177062995141
reddit,ZeroNBC,8e4057075d9cf6df
reddit,Rilakumphon3,eeb3483b236b3918
reddit,LawandJalal772,4203ded7e374cfae
reddit,LettuceDeep8938,aaa5377e2c2420a6
reddit,Intelligent-Scar-655,6d7ef3f93e8e8867
reddit,Depressedknife,51248037835da972
reddit,ally8t5,c3d4a5434d0ac02a
reddit,kaptan8181,6851df636a288f8d
reddit,Linux_Headbanger,eb445a3ef6254aa8
reddit,FewAspect4060,4597acee8a0a04ff
reddit,Natural_Sky1618,69fbcf2ace10a61d
reddit,OptimalReactions,39395ee441aa4f1a
reddit,cockycockroach45,99906707aad94bcb
reddit,AwkwardAppeal8922,9f2393aeba6fd578
reddit,liora87-,d982cf3d130de5c0
reddit,r_42o,f574522bfaca5ae1
reddit,MarioMan1213245765,d63e89231d955cad
reddit,Lxrakamo,5983f0564412a891
reddit,Unique-Fee-4946,4000f6315dbd45dd
reddit,Narrow_Book8824,30a5c2cc604c6d70
reddit,_Nightbreaker_,4c61e2e0b6e80e3f
reddit,Pig-Hands,cf05c2684b4119f9
reddit,HuumanDriftWood,16e661533a05a4ef
reddit,venetiantraderoute,808973c19d7f96e7
reddit,Straight_Phone_9256,b08e213a2c3e035c
reddit,Key_Change99,5b178c0244236648
reddit,LooTAnemia,48f3710a435e24ff
reddit,Any-Flamingo-8580,bcdd51d658a334ae
reddit,SpecialCranberry4711,8798c7fd0be649df
reddit,Money_Hand7070,7d5da9451f978769
reddit,Theekje,601837dd6d877f87
reddit,Winter_Scout,7ad4bcb9f3f4a93a
reddit,Several-Singer5879,2f2a2862f8434a30
reddit,AdTerrible2953,0d1c380455c29dfd
reddit,Useless_shit69,0a241c606ba55704
reddit,Loud-Activity-1988,a30fa9cfa6f35314
reddit,Every_Swimmer7588,1dd91ab520bbf622
reddit,ErenBal,471985e701cdcab6
reddit,roamingandy,773e77e9973a80ee
reddit,Sea_Economist_7511,4df244637ae405e7
reddit,techaaron,d4d914411bc4b33b
reddit,workfromhuis,f697ce79697469c1
reddit,wewinwelose,b8d84422a004e666
reddit,utinfection,6aa97b520b1ba16d
reddit,Double_Estimate4472,019e87f014d87c22
reddit,evraels,dc99e24e07bac8dc
reddit,adilhamidap,a9c734cf886fbd42
reddit,basicmomrn,f1a036eff66016d0
reddit,Worried-Plankton2702,3a84727d2b7d1ee3
reddit,PatriotGodrion,51add8d6ad608ab2
reddit,No-Home8878,25e8f76787758163
reddit,Manfro_Gab,26e0d2a49b9e0fb9
reddit,Advanced-Ad8490,2106ce01a96d3d06
reddit,raggamuffin1357,179b028bf53d68a9
reddit,Junior_Helicopter702,926520e54d5995a8
reddit,Realistic-Wash-1263,702ef22b263a444c
reddit,Confident_Toe_7607,3faa6b45be89b58b
reddit,robinthepunk,eafdd7aca2e18a56
reddit,Emergency-Address985,524e316f71c919d7
reddit,goldendreamseeker,dab5264b5623336d
reddit,Butlerianpeasant,e52d4f835af3c058
reddit,Significant_Bid_6035,362131270103719a
reddit,slackingsloth77,59db8dde3fcc54bd
reddit,Complete-Invite-3505,210ae7b80855e0e8
reddit,Tentativ0,32ce265e28251407
reddit,FrankieBoy127,6fb207408b5d8324
reddit,FormerSnakeStroker,57464d48b6964972
reddit,Significant_Soil_439,00cdf9a8c5f77607
reddit,nyanasamy,4e0f943142448b35
reddit,W0ndering_Fr0g,dee0b8a24be1b34d
reddit,TallAd1756,57e36bb9bbba26e8
reddit,FarewelltoNS,3feaecd19455a372
reddit,AlterAbility-co,696f955a9d2b7736
reddit,Perfect-Onion-4210,4cb42033c33fae32
reddit,Fun-Celebration-700,4e6b739d431c273a
reddit,Lazy_Review3707,f6ffe4e17b26c377
reddit,traveldiva1,c1ab70130a61ebc3
reddit,krustomer,388bf918b50f6263
reddit,Commisceo,93a86ae680fb10ca
reddit,Fragrant-Decision-93,23074354100969b0
reddit,jillcat,b48238ab8d928dd0
reddit,Pink_PhD,e61fbcabe0658174
reddit,Norwood5006,a3cefb7cc289a6e5
reddit,CommunicationSame461,2372a283e0cedddf
reddit,Unique-Resort9981,5549c88fb1e23acd
reddit,Throwawayforsureyep1,2cd70cdc69f4b03a
reddit,Kilgoretrout123456,e04268cbad7ea80b
reddit,lauren-js,af31c27e80f9d3bb
reddit,FuzzySpeaker9161,d4d188d4fb02fe1f
reddit,carefulford58,ca61aa2c29c0fe2b
reddit,AccomplishedPeach548,9f04617a9f77d7c9
reddit,Luann1497,a4a6e8d7addc8569
reddit,Brittany_30,a38a1c45257e5e65
reddit,babybellafox,70ea0b7259c4f1a1
reddit,iLiveForTruth,65a0c8bef80d702c
reddit,Trippy-jay420,cdd4ffcf9101db76
reddit,Tariq_khalaf,a5d2ecbd9d18197a
reddit,MADAVL34,d16f4089f25c75ef
reddit,yerrmotherr,7fe7f10920ce9cc3
reddit,Thee_Noble_Badger,39128d40be044a5d
reddit,nadiaebasta,6a7f74d8e5139c11
reddit,FeelingGlad8646,3b48efd11a3f14a8
reddit,Diligent_Rabbit7740,b57f75de47b14c11
reddit,CattuccinoVR,4af81ae6d08d1e76
reddit,koneu,19a8096b1292aa7b
reddit,FabFun50,9c18487560e31b55
reddit,crystalnail2598,ddcc4e526b2e12df
reddit,AardvarkNervous4378,807c284e10c9e78a
reddit,Mammoth_Bison_3394,1cab62611ea8160d
reddit,Embarrassed-Ad-2438,7bf08b3bc991aac0
reddit,Phronesis197,5b5275d483d16781
reddit,joecag,3c4fb1920953784a
reddit,DooWop4Ever,e5179e852b44d617
reddit,Leather-Resource-215,42e796bf83ca92c6
reddit,anonteje,c87b04225b704673
reddit,Remarkable_Drop7414,ae2611fff80a2157
reddit,jlynn1623,7a3719bd40b57b4b
reddit,Glittering-Sun4193,a9b189ef81e7a6a6
reddit,AdVisible8739,910c7d7e7278f0d2
reddit,ND_Avenger,42d8e70eb18ce886
reddit,applesauceblues,8d9d496a995fed1d
reddit,Odd-Aside247,a11519fdeebd42b7
reddit,Punkybrewster1,952f0ef3fbecc794
reddit,__STORYDWELLER__,2e115edde534ef2e
reddit,Njmomneedz,7c6a652c5221aba6
reddit,cherrypez123,505d41e34b6a6c05
reddit,Santaluz0123,e463c21d6bf7b277
reddit,Lucky_Ad5440,e815008a2480dabd
reddit,CasaSatoshi,f1df5f4faa358bf0
reddit,NormalGuyPosts,3f07ddd6f855dff2
reddit,RikiTikiTempo,713a7cf174860439
reddit,Daffodils28,34cddf5cdb3ed3e7
reddit,Real_Scientist4839,8bebd2620bd90f0d
reddit,Own_Gas_3912,ac63e5ebcdd0bf78
reddit,Outside_Professor647,e03aa68d69939cc2
reddit,Fabulous_Can_2215,9aa67aa4763b091a
reddit,GarbageCleric,0a2b4bd90690ab16
reddit,weirdalsuperfanboy,f1ca7c2584d11a44
reddit,EndQuick418,87654adaac503a47
reddit,TexAzCowboy,69b979af5ef2460c
reddit,CompletelyPresent,ecbf7c782be15927
reddit,gigglesandbegonias,d5c8de8713295fb7
reddit,elmobecute33,44369d510657b6aa
reddit,jessilynn713,123f733fd34fbe86
reddit,koudodo,f1d6e8b75c56e11d
reddit,Apart-Arugula-5044,7d82fb1a289f24c6
reddit,Turbulent_Handle_138,6c69eed03c55774f
reddit,Mandy6291994,be42440daaeac08d
reddit,dagoonies,ca05eec552c02b10
reddit,Adorable-Koala-5839,952ca8ab1b56ff55
reddit,M1K3jr,08a67660aebf930a
reddit,tyomax,96025aacbec2af3d
reddit,andybrem,75654a0313a6dbce
reddit,fragobren,88ae087a6d70c443
reddit,kiscker1337,b840466e005dba4f
reddit,PHEMEL,40172cb60394fc83
reddit,Gsustv,46722881a5bb4351
reddit,guide71,85b348c12e560991
reddit,missthiccbiscuit,64105b614549ce6a
reddit,Affectionate_Look235,bbcaa49fe3009f85
reddit,Pitiful_Pick1217,6ca9a8e897455bf3
reddit,Straight_Mobile_5960,8720b25f57d8042b
reddit,Cool-Difference-6443,96060dac0cc65f7a
reddit,rennan,bdb50481c8708a61
reddit,profff_dan,df2cec6a2565ef57
reddit,Which-Counter-6885,81aa86c2925e0090
reddit,Spitezz,9d2057b91606def4
reddit,ok_fun_lovers,0b55cc21fc3d09db
reddit,nikhil70625xdg,2241b4da1f933c1d
reddit,fygooooo,325c24e15e7e7445
reddit,ProgressOrganic469,9c8f0bd843260fd4
reddit,Silen8156,cbf54b6bb12c896d
reddit,katzeunknown,1644e248ee128c8c
reddit,HGLiveEdge,4b95c0c0bcf55729
reddit,Shaktikitty,418f09ee2ee445f1
reddit,Present_Light_5957,28bb607961b7931f
reddit,Nojetlag18,17c824cfe391cb26
reddit,NegativeResearcher51,314910745bb71959
reddit,Flat-Secret1391,426a595e45902af3
reddit,Representative-Cost7,1b1ae883ce110a4b
reddit,Brilliant-Basil-884,7c13ba177cdd5e48
reddit,Used_Ambassador_8817,96ab7360a9f88e1c
reddit,CookBakeCraft_3,28764f465d37ce5d
reddit,weisp,02a963e0811c5ce3
reddit,Sea-Chair3943,9623ce14b051e122
reddit,Emergency-Sell-6732,231d4395e4a965a4
reddit,Dangerous-Frosting00,d1c757ca9fc0ad37
reddit,_steffums_,bc42acef944e3816
reddit,Mom-Ma-Loo,715d37d899612ac7
reddit,Sloth_grl,3bb8b1e13e5b2787
reddit,goodluckskeleton,d877f265de3f2e77
reddit,wamimsauthor,62957cb187cca6f3
reddit,Known_Arugula4028,f5d6ef58a648d307
reddit,Single_Earth_2973,e70e5b0990b08829
reddit,First_Pair_8083,74e15a8d32f25f92
reddit,rocknroll2013,ab3fde1f9f9509dd
reddit,Fantastic_Fun3390,04f6ff2e4ab75900
reddit,Vallented,4c759448ad2ab84a
reddit,human1127,833f1397c22dbebb
reddit,Gurumanyo,ae614caa5ed6dcc7
reddit,ClassyHoodGirl,38d03e2d77a8b246
reddit,EvolutionarySnafu,d6ffeadf88fbd04a
reddit,Ola_maluhia,ebfd7030342fbe17
reddit,Humbler-Mumbler,4992c70490ddb5e9
reddit,finalgirl2024,2e8f1fb2747042a6
reddit,joekerr9999,289ca0dfb531062b
reddit,letsbehavingu,f210e4de2ba5cfbb
reddit,caligirl_ksay,35b4b022142f8056
reddit,hawaiithaibro,2c67d2f6be4b9fd8
reddit,First-Point7082,f2bef0b2a4d1b2aa
reddit,No_Produce_284,aa0f26a7fc70aa7a
reddit,myth2456,1e75a25467b2f3cd
reddit,AngelRose1111,b28ee6324ebbec79
reddit,Happy-Butterfly1,13467e6ab53386eb
reddit,Allronix1,1dde24f38707b030
reddit,gusinboots,b9b647a2309b71f9
reddit,ToffeeTangoONE,2140e6db876c82d1
reddit,un-related-user,f6f6b17f86f3af9c
reddit,Prize-Leader-8890,a7e46bbebada11c4
reddit,Southwesterhunter,eca8afff522fcc96
reddit,donnag2024,b81df14f1bfdb923
reddit,Decent-Eggplant2236,d2f739ecb255e5c3
reddit,Brief_Personality650,cf87a64c8517e129
reddit,peterudd007,805fe522f08fb9d0
reddit,edisonpioneer,0341a6cfda890405
reddit,Existential_Nautico,c246d719db15fde4
reddit,hedgemain,508f53c984b810a3
reddit,Sfingi48,6230c4c7bf664682
reddit,Starglider1,35ae9f3f742fadc7
reddit,Atomic-Rooster963,a60070b19ccc9709
reddit,picklesstpeter,ebb03099dfeb6add
reddit,Waste_Departure_662,eed375b6458cdb7d
reddit,shaz1717,76f98f2f9c59adb8
reddit,brotherskeeper2323,7dc2031fe6ec6080
reddit,Haunting_Meeting_530,fcd8fb349dfe7a7c
reddit,AintshitAngel,b01538645fc0ceac
reddit,rightbythebeach,c24091a8d123a8ad
reddit,IveDiedInside,d59dcd0fcf7411fe
reddit,Proof_Country9688,f35a2b7a185d398d
reddit,SignKamlesh,13f1d8a8c9e1330b
reddit,oneeyedwanderer333,8e471d18a0f79504
reddit,firey_88,62bab825db5e1741
reddit,BreatheAndBelieve,c5e2c5bfaf65293f
reddit,Sassy_Velvet2,3deda415ab19f159
reddit,soy-matadora,fbcbeaeef07966e5
reddit,FranticMilk,e910b4cd33555e66
reddit,encoresoleil288,0b4634c9a3babb0b
reddit,Pfacejones,5387fdec08f6a384
reddit,bequixzled153,a1b64ea8689f8a58
reddit,Top_Forever_4585,22107953761c2fca
reddit,decentlyample,f8636af863593a18
reddit,mobenben,5a978a2c507e89dc
reddit,TaroNew5145,aabb9c8b008ba773
reddit,Abject8Obectify,6fac83c660f44248
reddit,mm_qt_101,84bb7a3018942a2d
reddit,Medical_Hunter_1332,b928210d7efee52d
reddit,Commercial_State_767,65a21b9ca2c51fd0
reddit,Gullible-Sun-9288,6f85cb989e147385
reddit,SilverDetail2713,bb63a22342a3d26c
reddit,Flat-Swimmer1101,f3d5aaa8b121c7f9
reddit,sravanthisinha,6df014c8b6e29155
reddit,YouCuteWow,ddd7cfbf1efd799d
reddit,Dopehauler,c4ac3d4a53073ab2
reddit,OsirisGf,a90ef92626880fe0
reddit,Feisty-Fondant9286,8e5de003d14e8f12
reddit,ProfessionalPie2436,23865d267d8a0980
reddit,Environmental_Egg_5,b8a253bf2e1d725d
reddit,wendywheelercoaching,5a3251b2104ab30e
reddit,psilocybinfungirl,4e0d43c228d59acb
reddit,SnillyWead,25db0634af2f467f
reddit,whodsnt,4eb238e71981a465
reddit,fiberopticrobotica,f24adf8baecdaa91
reddit,GreenEyedRoo,f48ba325987b42f4
reddit,InstructionBig2154,c98f2ac65eaa825c
reddit,truth-in-the-now,ac4e10ea17dfca29
reddit,Rugby-Fanatic1983,1f2f4d237de19e7f
reddit,bace3333,99639b800c31784e
reddit,mycoffecup,1cfda58f2aa90e6a
reddit,No-Asparagus-5122,b3a9240e44451a0a
reddit,Hal3134,67dd9cd35869ff08
reddit,Impudence,5217b5b08baabd34
reddit,beccatws,bed7c325fa61f4f0
reddit,CoachBrendaDouglas,dec21b13c856428d
reddit,vhintage23,3789ad63c4bc0037
reddit,Alarmed_Ad_3258,9dad1217064d444d
reddit,NegativeStress_7165,dd366611b7eec6b8
reddit,66clicketyclick,416c76f6547f2323
reddit,theamazingzuchhini,c338c966f9d10b8a
reddit,SweatyPercentage4621,927e9c1fcda63653
reddit,odetodegeneration,bb5d0c747f8d9372
reddit,EstablishmentIcy8628,d75320de982f3857
reddit,PanicsUnderPressure,845c0834be0589ce
reddit,riggitywreckedsum,22e7071bbf5aa2f7
reddit,GR33N4L1F3,094ad656836a204b
reddit,Broad-Marzipan-9284,594baaa1859dd62d
reddit,Money_Television_480,c5fecaf5dcd2d422
reddit,thetrainmethod,1873ce629e66054f
reddit,KatKatRatTat,eb87b3dfedac37e8
reddit,overeasyeggplant,f03bd3e9d62f66d4
reddit,VirtualObligation759,b16cb42acebbbbdb
reddit,nerdztech,698c52c99059c5ef
reddit,LCxxxPT,2943500bc805356d
reddit,EmmaKJupe,3cab0e7390498aaf
reddit,Littleclover20,1d7a85e141b7499f
reddit,Due_Kitchen2687,deacacca7b4e5bc3
reddit,notfinecurrently,abeb5f09596b5d7b
reddit,Morden013,6841f66b0357224d
reddit,OkCaptain1684,4a752ad918d670cd
reddit,MichieldeKoning,a5cf5c1832bd9381
reddit,Revolutionary_West56,cdef2e3f792c4377
reddit,ApartmentEastern6923,25b42c90eac26b70
reddit,Fit-Credit-7970,61cb6616a854a4c5
reddit,Wonderful-Flower9055,93e8a51956843965
reddit,Winter_Trouble_2716,1df45f9324b5767e
reddit,Internal-Mortgage422,9ed6a2ed46eee0d0
reddit,FlatSpell1904,e6f5e2a1c8f607b7
reddit,Legitimate_Mix_8591,f1946717bb066967
reddit,MortySanchez336,579a5193518f5724
reddit,thewavesarecrashing,8f4dbfbd089fa567
reddit,Dense-Procedure-3933,a743e3fbbdb28793
reddit,TreeGap321,f0f45b80076ec932
reddit,Extra-Listen7528,3c6bd569082c0c56
reddit,StefanieBroes,104ccdb245ba68f7
reddit,autodidacticasaurus,df5e0091dbca9c88
reddit,Carlosfelipe2d,3a22f72b1ed54b52
reddit,Mental_Ad_9655,ab0c5feb74eeb9db
reddit,unkululeko,45eec2726028edcc
reddit,AWeb3Dad,0128e8b51ab538fb
reddit,Mikester258,4a4965f8ae9cfd8a
reddit,EasyPiccolo2868,3252530a479f9c44
reddit,UnknownUser2513,75e4d828f6fe255d
reddit,Original_Language_82,4a942efc447619b7
reddit,eyeyeyla,e0d4157e63a21ef5
reddit,InOnothiN8,24d452412cf06b65
reddit,cssunil,92975c1a8fd96139
reddit,Wise-Leg1187,73cfa28dec593b4b
reddit,Smart_Performance_97,5df823879fb17b05
reddit,Mikejwhite5,c4516913dac7ff7f
reddit,SweetMotherLordess,6fc3fefeda31fbc6
reddit,ChemicalBit5814,85f5c2502a7a5a0f
reddit,Alarmed_Ice_5897,715456367bb05288
reddit,Horror-Beach8506,0b148b3edd8b418c
reddit,Sure_Worth_4264,c8a0b16363a7d0ff
reddit,CharlieXXX1234,28c202dedbc0d894
reddit,Longjumping_Profile1,d26132c3da03b83c
reddit,Anonymous-Spouse,11bebad501ac4e8a
reddit,Greg_Human-CBD,77d12020832e8061
reddit,RepeatMinute7291,3740eb1b8eefcbbd
reddit,BillyBoy199,1efa5a34e83372fe
reddit,Quat-fro,0096faf9034fdc20
reddit,True-Wallaby-4120,61536a39d2fac9c7
reddit,VoodooMann,35148258d3d4fac9
reddit,Luna_waves31,ebb4d764e8aa68a1
reddit,ComprehensiveWin6428,3fe8663142f4538f
reddit,MicahsYultide,1d2e6fd7b567b0c0
reddit,Individual_Curve6069,02bf43345c7976f7
reddit,No_Ad_8752,26aa8f3ed8827b20
reddit,Straight_Winter_3462,d958e92359a5fdc4
reddit,Gameday45,e0439058c95ab9d1
reddit,Capital_Cat_3040,99ebb0ad5cd6fa0e
reddit,milkchip,b57da21d7634308b
reddit,Initial_Risk_6866,6d20d62bdef6f8fa
reddit,Ayurveda_Doc,aa27718f4e380856
reddit,Weird-Hamster-2038,07f3dc6d49729587
reddit,MarionberryTotal2657,7de0fd2a9b34ef84
reddit,chrltt14,10aaac2518ac9426
reddit,-Stress-Princess-,e8633979f54e6ce5
reddit,iceantia,15d9cb7c040d535b
reddit,medi-sloth,9d7188b7dcbf0e9d
reddit,CookSignificant446,9692bd16107390e3
reddit,NoraEmiE,d5b8f8cafe679f00
reddit,Extension_Tell_3442,b3f9300185c330d4
reddit,Sufficient-Curve-982,3767ae828d3f928a
reddit,ShyBee2323,d8804a65946c5034
reddit,mint_tea_m,9fec438f6ca28513
reddit,Knot-Your-Stress,8f2f53ff0cae17d6
reddit,theroomstank,0d82bc29f21be821
reddit,maddykittu,2207de9174bc2633
reddit,F0restNinja,82788b5c111eb3ae
reddit,Mysterious_Wash3625,5931115ed2582b86
reddit,sadwhompwhomp,0af552f4b091df0f
reddit,mortenschmidt,f06a69e03844c323
reddit,WhySoCrunchyThough,9c1682424f250539
reddit,Satellitegirl41,ff33c3531dd8c564
reddit,Musubisurfer,a1ee334a3c8ee44f
reddit,paliraqwatany,33d1e16434da6c64
reddit,throwaway_6254910,a6fd58865eed44ef
reddit,strangealien444,abc87a114e654dbe
reddit,Paidtoleave,8ff53c551b8c609b
reddit,Greenmonster0601,e3f97ab871ea9503
reddit,Worried_Astronaut_41,dfd224eabfb7d5e7
reddit,Rayne42106,42288ffa237f5e84
reddit,JSHowtodraw,5fba6ccaa5b78af1
reddit,soup_2_nuts,0ac9b94951f8a677
reddit,Much-Meringue-7467,19d560675a75d866
reddit,CozyIsKind,d5ee8837497575ff
reddit,csdeadboy1980,5a8a2551bfa9cb5e
reddit,Flat-Flight-8490,ab788dcc69112635
reddit,cb10gauge,a7c1741efde3858e
reddit,NotJeromeStuart,cc055acbfa4a4d17
reddit,Tinsel-Fop,db9de7a215f36b59
reddit,Good-Personality5471,391b233258ac2d0a
reddit,slutpanic,d693bdd88db27ded
reddit,Svataben,f81d6533723bb86d
reddit,OkComputer_Girl,0a9fc015fdc1b4a9
reddit,darkmatttter,2e26b7427449021e
reddit,tazzbrat,e476b6ba595ed331
reddit,laserox,6a6f3eba21518b79
reddit,huuttcch,ca3226cc7303d60c
reddit,deathblow77,a588d2ed71d379bd
reddit,jeremiahvedder,8447b7b500da59f0
reddit,Straysmom,0dcfc83c8bc20d43
reddit,Acceptable_Reply7958,cf3349918cfd5c19
reddit,Socialimbad1991,3ccd9514ec1d7111
reddit,Sewdoking,08a9b9a6151940a7
reddit,Fiftyletters,676206fcbb5f5daf
reddit,broccolista,3f9ce698bcb05dbf
reddit,ThatsItImOverThis,f8e2fdc16e12ec42
reddit,sisigirl12,730ae11079237998
reddit,f1fanguy,69e72161c42d2232
reddit,filthyslutnugget,be2a708fee25eca8
reddit,Wide_Bluejay2364,c9ccdaa59a6636a0
reddit,Sweatyfatmess,79735a296b51bf21
reddit,duk-er-us,ba96b9483f0df344
reddit,WhisperTickles,c3502bd10207178f
reddit,ZombieAutomatic5950,ac3370f583054c44
reddit,PuzzleheadedDriver85,5bbd8f2bba24fcd0
reddit,TattieMafia,a58e005f4a6e4f62
reddit,Grittyboi,6abed7630f9d4045
reddit,Mmswhook,da69327ed07d66bc
reddit,bookkinkster,338f2716cc0f77c6
reddit,MichaelCheFox,06bce4539c286e33
reddit,hungry_ghost34,c6d0e26902f8538f
reddit,Old_Leadership_5000,02473d12300a8a04
reddit,Character-Tennis-241,16cb323039199c9b
reddit,bronx-deli-kat,6923927c81cd7348
reddit,GrouchyYoung,43744c88e93b986c
reddit,throwawayaccountgdgd,eabf55e36899307b
reddit,edalcol,8b099ef4ed918677
reddit,TodayKindOfSucked,693e3d1068b2d3cd
reddit,NosyRobot,31bc77835cdd285f
reddit,PsychologicalAd7756,687cc2b86e436a6a
reddit,thotgamer,4a85ccf01fda14ff
reddit,Xytion1,e24b0db3cdd92ef5
reddit,Helpful-Signature-54,6a7c089c76a6a3e8
reddit,rainbowtwinkies,a708429666de644d
reddit,moonweasel906,97455074ed1fb368
reddit,rockstuffs,d4112c89f9104709
reddit,xmsjpx,beb019fb76445e6d
reddit,Original-Dragon,a6f335ee2d9bdfd7
reddit,KatVanWall,3dcae5a3c1fa4e30
reddit,rumpsx,67aab5c3d419aa7a
reddit,charliesheet,9f1470ff7680b52c
reddit,Bonegirl06,52d714ed60d2701d
reddit,Manarit,55526900d0778b0c
reddit,FantasticalRose,d161a766ec5c58ac
reddit,CanAhJustSay,353faed2a44158e1
reddit,throwaway-character,9a760946a048a51b
reddit,Educational-Put-8425,aa95868d7741039a
reddit,Murmurmira,3899a2d8202f8941
reddit,mindful-bed-slug,31ac9c701c640d5b
reddit,practiceaccount,cdd9d2503d8b3e40
reddit,outerspace20,f8ec5ecfc53e5d08
reddit,Portlandbuilderguy,8a6324476aeed952
reddit,10172025throwaway,29f447311326b891
reddit,HelpfulMaybeMama,7a944865bbe5b54e
reddit,massachusettsmama,fa3a5c0e7e621e53
reddit,TrustyBobcat,d90209c3bb2d853b
reddit,donuts1031,7178bc384bc30cbb
reddit,Street-Steak5038,22c366fd174a1c5d
reddit,MisaOEB,89a203efe6a0aeff
reddit,Ok_Routine9099,ed960b4814f6a1d0
reddit,Careless_Welder_4048,44d1ddac52686977
reddit,Nocleverresponse,3c79f000083fbb51
reddit,fingersonlips,1090c885003b3ae5
reddit,thexiaovillage,d3404664c1370958
reddit,Riyeko,f2009c1bedc74678
reddit,MilkyPsycow,ac73589dc0d3e67e
reddit,drivergrrl,276e32eac34b73a2
reddit,CornRosexxx,6122a210f574cb28
reddit,mspink0523,feb0489f8419f8fd
reddit,Wise_Monitor_Lizard,0af4d3ae1fd46f85
reddit,CatmoCatmo,429dcc680f91766e
reddit,Adhradh_Sidhe,c4de407238fb1301
reddit,Total-Meringue-5437,cd3d25048791b51b
reddit,Staceyrt,d313c550774a51e9
reddit,Competitive_Stock_76,c866170f6af052f0
reddit,Indie516,1d75cff145fcefba
reddit,capricorny1626,c92120d583818647
reddit,yoshizillaa,f406077fa5e44718
reddit,hemptressteacakes,b5c481b787ab0482
reddit,VicePrincipalNero,ca3457b4f72c4a89
reddit,amanda4355,b91e6618269c11a9
reddit,achillea4,f7e4472963f8ba08
reddit,Moistowletta,6350097b98659b94
reddit,HThrowaway457,37a614d668f84da2
reddit,HearMeOut6969,c687076949d7187f
reddit,Sd5aj,69449eeb629b8ea8
reddit,Dzgr736,7afe20823a67c90f
reddit,bugabooandtwo,328916244769f0b8
reddit,Interesting_Summer00,9483c3cd6ee9fc29
reddit,Suitable_contact4910,2e8fea520611887e
reddit,JMStitch,0bc819c3de9334a0
reddit,Princapessa,9150186e6bc7c997
reddit,nvrsleepagin,7b42b65670a406e4
reddit,Hai-City_Refugee,418a167d85e748d6
reddit,Suitable_cataclysm,1374c12864899bd6
reddit,rapidriver34,c91577dbcdde92b3
reddit,elsandeth,d4fee973fc3d1037
reddit,Wintercat99,719c451b895c36d1
reddit,agshoota100,419ec6e49438c835
reddit,wise_owl68,105a09077f0508c6
reddit,Foco_cholo,cf8f959f391a32b2
reddit,FriedLipstick,a9b9c0f05dedd4a0
reddit,Longjumping_Cup_117,1add50d9ba2b4337
reddit,mutantraniE,e831fd535a285d5f
reddit,Aggravating-Mind7058,670da1bfff29b1e9
reddit,Careless-Opinion-801,8dee34ea7b25949b
reddit,Ill_Percentage2344,cd7bb1b7b1cb2242
reddit,Fox-333,9207e12c5fae358d
reddit,magic_thebothering,f5c06c2e187f734c
reddit,Quick_Ad_424,df16db70a234085d
reddit,skloop,b55b47cf4f69c03e
reddit,Ban-samia-upma,3c34a1ad4e41aa7e
reddit,Froggin-n-Doggin,db62fc5801caea53
reddit,Long_Resolution_2838,0695dacfb42ef7f1
reddit,One-Hand-Rending,8fa11042a83201b7
reddit,OkieDokiePokieeeee,05571706e5804c9a
reddit,tonsil-stones,94a962f1ab10ab6d
reddit,Mahogany02,edd3707099235662
reddit,forza_del_destino,6b24cf0aed84be10
reddit,HateRunsInMyVeins,7cab99c5ecfdc499
reddit,Brown_90s_Bear,32d6a08d731679c3
reddit,restinbeast,d6f7838345cfc2fb
reddit,Ok-Kangaroo-47,408ca239bf350928
reddit,Deep_Sherbert2043,acbef77cdaea42e5
reddit,Illustrious_Act_6289,7fe06bdd28d04486
reddit,chitown619,2aae445ad0a4e5bc
reddit,tinyworldd,dea7ba3252129057
reddit,Gullible-Tooth-8478,a30c321fe19d6a6f
reddit,hinterstoisser,24583062e8a556f0
reddit,Sea-Indication-4530,5caa867e8341bb3e
reddit,Itchy_Comfortable_29,9de27ca4bdda7a47
reddit,richflys,e618d869198c6afa
reddit,LouisianaSweetheart,ad9fa8138ff58637
reddit,OliverChaos,5309baeea92447ef
reddit,Remarkable_Fee_821,ae2018185883df9a
reddit,flymeovertheworld,c3a524d748080169
reddit,MethAddict404,9c63cf42f3e8d0f6
reddit,aonelonelyredditor,96077b19c5a45aa3
reddit,ptg33,35a84c80a109c1ed
reddit,doofE_,e83f8330373704f7
reddit,DiscountDelicious313,6a7ab522b86b2556
reddit,Itchy_Cause_4211,26a74fc670f2b079
reddit,isaballz,84a1ebb02f6f652b
reddit,Craptastick68,4a1d0a21cbba6351
reddit,phisho873,63cdff645a981aa8
reddit,rjkersten1,21c0bb39a67a7da1
reddit,MaliFabrikator,0653eb8686c67a59
reddit,Sufficient_Comb_7946,15de1be998dfd7dd
reddit,Daddycthulhu503,7eb3f28d2b8c6e5f
reddit,RIC-91,cdcede1098f8d4b3
reddit,Jojo_Seloso,25ed4ebfd581e316
reddit,Armadillo_Gloomy,07a136cfb98396fa
reddit,Least_Emergency_4567,57cf2dd49cf88612
reddit,maxuxxi,90c723594569fe84
reddit,Prof_Phardtpounder,6dd038c8157f7b95
reddit,MrSoberbio,c3666defa05dde2e
reddit,miokichan,8ca8cb075f977d3c
reddit,RickRollingInCash,fa2f8607b344b52c
reddit,Most_Opinion_7412,c04de7caf56f62f1
reddit,icychocolat,27b0d4d396ca9aa8
reddit,RancidOoze,28ed60d63110aea9
reddit,mushyoscuro,013d40fa3e4b8715
reddit,Delicious_Potatos,5cc05d356e41da74
reddit,ChseBgrDiet,19559ffeb023eef7
reddit,ncrrulez,a980380db1113943
reddit,Gold_Yogurtcloset26,958582f3768f4c80
reddit,So_phisticated,79c9af7a8a864fb9
reddit,mybsnt,6d1d75bf248ae514
reddit,goodlordineedacoffee,158abbf381459732
reddit,pianobarbarian1,030be6c428b6b5ba
reddit,Infamous_Cat_2879,b6cef9d4c78ef6a8
reddit,Patrice_c,1c39ffede6bdd250
reddit,bunz007,4efed34a07c446ad
reddit,AnythingOdd5279,b80f665c16910b93
reddit,Mis73,db7fb2a675e35881
reddit,PrestigiousWedding36,9a2117ff660e5ea6
reddit,Jodenaje,a89bd261904fc9cb
reddit,classicicedtea,90d551debb0dc496
reddit,Rare_Background8891,38772652d3cb0601
reddit,After-Necessary4729,ef8623092e1b6127
reddit,capriali99,4506fc0aea82159e
reddit,Alternative-Number34,aa9eaa6faad536ae
reddit,Blonde2468,6ad22d7c0f191c7b
reddit,Deep-Advice7587,310c8b6c7526b405
reddit,hippynae,391d4acf66f21b28
reddit,RedRedBettie,9260e34527395a20
reddit,InYourAlaska,f1b3db987c7b52ad
reddit,interestingvids101,53065628fc332f5a
reddit,FollowingImportant59,44dc866161966de1
reddit,Mil1512,4d88ecd02031e753
reddit,foxyphilophobic,193653195d93d700
reddit,ThatArtNerd,693f204f3ad526ec
reddit,runsinsquares,637c1e8cedecf56a
reddit,nindiesel,1e6eea413959552f
reddit,Available-Mango-6327,35faacc5870f4f5c
reddit,esh98989,c1ad5f3c4ebe825f
reddit,Infamous-General8808,7922569dea9da65d
reddit,likereallyGraceless,78ea57eb29ca2a7d
reddit,Fickle_Can3276,5eaa5b0e9a4754ba
reddit,bluestrawberry_witch,0b8c9f9395313adb
reddit,NovarexV,0fd49f7e7280239f
reddit,BakedNemo420,f7acb0c69a7a2ae0
reddit,lavagirl333,9191086d36b5aff7
reddit,TumbleWeedPasses,aac74976f4be3f03
reddit,Shy-Prey,9fb03b3f719116c6
reddit,iamthatuser,603520bf8762e0b0
reddit,ObscureOP,e400ecaa49c276f3
reddit,ptheresadactyl,a0e8e4d4d72d185c
reddit,redditnamexample,069752cb0383e841
reddit,lostsoul23456,17658e230be5a0e2
reddit,SvenTheHorrible,d87f141547eb0e0f
reddit,Seeitoldyew,ce338412e690c213
reddit,FutureHendrixBetter,5a34e461d5c6fe6b
reddit,s-exorcism,2e8b0cc042bade7c
reddit,pm-pussy4kindwords,3d2095d531064db2
reddit,teloeed,fa9af49b66450cad
reddit,Excellent_Garden_515,1426e09813e431b9
reddit,Super-Help8404,913050b11bb7dad4
reddit,Ellia1998,c266e3fd68de43a8
reddit,Magnight69,5ee6cd11bb581ea3
reddit,i_spill_nonsense,1a82bc579c00229e
reddit,i-read-it-again,d678cb444405d7f4
reddit,AddressCharming9129,dfee217895530723
reddit,beautiful_hands,40cb5202d8a30cad
reddit,Funny_Cupcake_4195,734cb85e132a8468
reddit,GrowingHumansIsHard,da6f34e31a884d07
reddit,2centsworth4u,469b847e5d18c6f4
reddit,djcueballspins1,35e75189309e4bbc
reddit,Iliveinthissoultrap2,c28f2adf6db01490
reddit,Jenderflux-ScFi,9cad8d4e59ffb036
reddit,kolossuskat,cf3d239deb9245fa
reddit,Evening_Eagle425,cc6ae2fbbbd80e3b
reddit,noturuwu,0d82b7444d33c260
reddit,EveningMycologist968,57a42e84806f6588
reddit,TweetHearted,8c60ed0f9ad49c52
reddit,msndrstood,ca2251a71f516c7e
reddit,Rich_Muffin4820,2f4ca73155e59d34
reddit,madamTDG,2fa4231a24c5b937
reddit,ladyblackbelt2,6e277d82a04a0b82
reddit,inqueeftador,e0edff23751e203f
reddit,auntysos,c4f41ea45e94ed2b
reddit,Distinct_Chard5858,6ad70c7aebd9d115
reddit,HabitRealmApp,fcc90c7e784d5b4b
reddit,n0on3willmissme,26af5e841f21f46d
reddit,bbbourb,1a0c1603d58e1d0e
reddit,dreamwalkn101,4110881280e66129
reddit,HumorBulky,942a12008b8fedca
reddit,simply-nobody,fdf46ab62e4c1494
reddit,nenny61181,f8d598f67ba6490d
reddit,1127_and_Im_tired,823c55a0b349dcbd
reddit,Ragnarok37,b2b693ad566407fc
reddit,f1f2f3f4f5f6f7f8f9,ab25e04820df3237
reddit,Fantastic-Neat-1554,da4bcce0c791e063
reddit,enola1999,95e5a824ec1b96b7
reddit,Interesting_Hunt_538,c71117219f46a4c0
reddit,allieoop87,132bc9982a9d22af
reddit,gOldMcDonald,15d7592832587e24
reddit,Responsible-Cook-700,590f2ab3f90c6d2e
reddit,beggingforfootnotes,7cd6776f0f0d2ccb
reddit,internetmessenger,34136f1e847f265b
reddit,Coheed_SURVIVE,fe4173ab1c70dd88
reddit,mgmom421020,1bb24ec40ad4fb22
reddit,Toobroketodie,748b7cc57b126c0b
reddit,Dreamingthelive90ies,ec8eb112dc1adcb5
reddit,painfullyimaginary,9d419f2ab28203ad
reddit,turquoisestar,39daeeafc8d924a1
reddit,RobinHarleysHeart,797eb55ead4e9743
reddit,tracksloth,9a813edfabe61d6d
reddit,BigBadDom01,baadeb1b33730ed4
reddit,CompetitivePie1868,c78fec548347b7a6
reddit,Grass1323,f8f9afc2fb67890e
reddit,Jolly_Salad2615,f681b243926c8414
reddit,001028,6a179369f7cd1e8c
reddit,moonkittn,b56344355e7499f8
reddit,DagPImple,521b6534defc4151
reddit,Stray-7,f10c74dbdfe26482
reddit,IcyLook5735,17674b780cb65846
reddit,HarryInd2023,ac216e0888333720
reddit,ArtfulProgression,acd1ea010b743f24
reddit,Commercial-Trash-226,ffa29ebc8f3fe420
reddit,cln70,fb1cbf5f787635c0
reddit,CharacterStruggle110,cc34e1ff258b6c14
reddit,killabee163,dc9be3b8d4bf3407
reddit,TahrayTheEnigma,5b9f1b20e55cf155
reddit,hqlyshut,055086a74afbc683
reddit,Shadow_senses420,0dc32a45d309cee6
reddit,Few-Preparation1761,c33e9df1ca17ae9c
reddit,Loud-Tangelo-4317,7b8bf2a86b879127
reddit,slowdunkleosteus,c61d3c4ad5394ad1
reddit,Sea_Accident_6138,cb282cef48ec105b
reddit,Emotional-Tadpole-92,d842e62a7383d283
reddit,EnatforLife,78966ec453c1c1c4
reddit,littl3nerd,f3e411460d888d30
reddit,Bonesmakesoundsnow,4c4d358e40af5db4
reddit,Ancient_Ivy,7e285961d66e428e
reddit,Thatoneshortgoblin,0ac6182f2dd31585
reddit,bestwellblack,90645be9c040519e
reddit,LudwigEX,b834703bc73429cf
reddit,Chailyte,593454a123c2adf9
reddit,Afraid_Ad_1536,8cd091ed442a2d88
reddit,Alexandria-Rhodes,9c0bc3b328c38641
reddit,CollieChan,3484f98ebfcb2726
reddit,AquariuX007,63151ee4238b0c29
reddit,Smooth_Perspective78,a4d9f2224f6ed59b
reddit,Mr_Humanwide,3d524846577ee0f0
reddit,shitteryjittery,91eed378f1dc8304
reddit,uhfgs,e62fca39b263e329
reddit,Swimming_Dinner5186,06e34959e60f714c
reddit,scubaSteve181,d815eca31a88bc27
reddit,BleedingRaindrops,4af302de8d6bf360
reddit,Rmj310,5d3ff853559ed238
reddit,AllNightDS,906395b1ca64c781
reddit,cmjaxon81,04fd3370bfdd6e37
reddit,jensmith20055002,717b31a59a5b68f4
reddit,Cameron_Connor,84b7cf6d1242e9de
reddit,TheJediCounsel,b9f822c908e2d65d
reddit,Any-Reading-6065,e393f45d63492534
reddit,eleventhing,cab0c365e4d826b0
reddit,No-Form9508,77a121524c1a0401
reddit,Incognito0925,77ddcbd77eadde7b
reddit,Psychological_Ad16,532d1dcbe1df6dc0
reddit,beyoncais,ac5300656df2cfc1
reddit,Pass_the_xanax123,ec6e726bb7e7c614
reddit,Appropriate-Tea1,25f1dd43d4773c64
reddit,yo_yo_yiggety_yo,102cf93e264f5063
reddit,Ok_Chicken_4663,2bc736486900e75c
reddit,Elesia,6991b84d1ecdc516
reddit,GetHitLikeG6,966dbde9f2381f18
reddit,Meliodas016,b794f8e39701c900
reddit,S_7l,fec2f6e0cb5b130b
reddit,markbrev,1e9cb352cdfdc8be
reddit,azaghal23,0243531ec8a9adfd
reddit,2300abar,d489259c4fb13ebb
reddit,Complex_Storm7720,e0b3d96bac2cfa4a
reddit,MyLastHumanBody,27e1e883f6a073ee
reddit,MrsBadgeress,c0100186f7406a89
reddit,Horror-Friendship-30,058d38c2c1f72678
reddit,throwawayfatboy100,848591f09bd79c88
reddit,sewercult,399f1c16fd207e70
reddit,pash023,58dbcf1e9257ef1f
reddit,Kishasara,eee4d2089ce92f0d
reddit,Yvng-Dagger-Dick,67f35f5b006cbc5e
reddit,Corn_Snakes_Are_Cute,6a6e5f11439297ef
reddit,taylor_png,9531a3c447d06e02
reddit,Several-Adeptness-83,d044de002a9b03f4
reddit,casscutie,b5898dac54938936
reddit,Elegant-Way-595,b5795a92ef0a0e92
reddit,JayRedBush,76e0fb6fec1eb6bb
reddit,letsrollwithit,767ad5bdc000c4a3
reddit,babygell,2d0348a80a27e001
reddit,Holiday_Guava9206,7eb0bfc2c57a2506
reddit,kylereapz,0bc39a067d131560
reddit,FailedSocialite,1f32c30a1ab77f77
reddit,ashleysinani,ca28f5ea6a6b4319
reddit,LycLynxFrts,403ae335a7b679da
reddit,MonsterMashGrrrrr,a3e225cf541a816f
reddit,Musicsweetie95,9c86e8e24cad2a99
reddit,EienNoMajo,345750b47918703f
reddit,Diego_Fernandez-,22593c2ad09a0818
reddit,A_76m,e5338c6ce8ebf964
reddit,sippinonginaandjuice,f108208f2ef8c78e
reddit,br1ar_wave,3b2ef1a19033887c
reddit,JoBenSab,89a05e379d4ae9b3
reddit,AssumptionEmpty,56b9bdd0ffd41c12
reddit,Amazing_Statement629,8b417c05578d4b99
reddit,amanakinskywalker,f1fdea5d4556324e
reddit,Square_Appearance_63,b4332ef6db3dfd5b
reddit,throwaway029e8e,f32285f220116e16
reddit,Acceptable_Ad4583,d8c7a3309d37a645
reddit,Narrow_Yard7199,5e3d307065d0330c
reddit,maddierl97,cc0dde58828fcc58
reddit,Natstar-Lord,b1cb6538479e55d7
reddit,Mundane-Adventures,185a15385894aab5
reddit,hungrrry_11,32affa8037249657
reddit,Emergent-Sea,92bece4f88bec6bb
reddit,NoFocus5,2d91aa394db39be5
reddit,CranberryCheese1997,be7de947fc63df63
reddit,NotTrynaMakeWaves,8229d02b0bac80cd
reddit,FitzpleasureVibes,033605f45c026a82
reddit,Lantana8008,ffa8f71b464c8a5f
reddit,Trineki,9611cac3e683a1b0
reddit,workinclassballerina,c7d5535a7e14f87d
reddit,FollowingNo4648,441a3969e44c18a6
reddit,FlaxFox,ad0159e7a45b80fc
reddit,mmahowald,acd6bcd8d8ab29f3
reddit,oldfriend73,e591a60dba375511
reddit,indeeuh,836797f6dade6254
reddit,No_Finish9661,99274252be2ebc86
reddit,ssaunders88,559666bf37ba27c8
reddit,OtherMikeP,bea2baffef3ac412
reddit,potatoman17000,6d4fc00e0d0be2d2
reddit,TheGodofWar17,db5c2ba75b5f5042
reddit,chemicalmamba,962aea5f72cd5df8
reddit,purplemonstertoy,3173a3046e2ec4fd
reddit,davincipen,f1cea7c54506ee67
reddit,ThingsAround,8dfccb4e00cacbe5
reddit,DefinitionOk8033,a991633d4b7e0240
reddit,shmara007,69fa90ce8f553077
reddit,ScaredBodybuilder864,3177c3e362a6a512
reddit,SheProllyWont,7b04f9e3b99f686f
reddit,Glittering-Lie-4127,148b90811bdb70f4
reddit,littlepawroars,4dbc6f0fd33aaa15
reddit,DarlingBunny_,f302ffe2f55f8b3e
reddit,pan_48,4c6d91dc9782fa69
reddit,Lower_Classroom835,0990dd1b7460a1e9
reddit,GenkiHaraguchi,a31fe7a66bffd81a
reddit,lowandslow86,269827d91c74306a
reddit,BrooklynWhey,b8c0c9d3c1287e06
reddit,GoochStubble,d9fd9c067dda411c
reddit,Firstbase1515,9af1b56957315c67
reddit,mrmuckluck2197,bc238c172eab5528
reddit,Ninoga,328219cae923dc69
reddit,Right_Lie8793,3aee554431707ad2
reddit,pieceofcakee,ccac83da4d57ed09
reddit,Ok-Speed2962,6f1c5dcdd7386362
reddit,michealscoff_123,f4368b718c192516
reddit,Pitiful_Concept5078,64c5a10524c3bfdc
reddit,BodyKarate84,61a9c6a084e3123e
reddit,Ok_Tax_5899,edae9ede1acbb52d
reddit,SnooOwls1007,dfc7eb4b77a3b7d7
reddit,eyyyyy1234,064452efa0f465af
reddit,Redpanda1ssf1,c93b266e9baf374a
reddit,Horror-Street-,5d941a4a415e7335
reddit,Who-am-I-44,7d67ce4e628598c5
reddit,zutelo,e1c1335f2c1738af
reddit,hereshespeaks,d054a77765d6e4c7
reddit,littleblonde02,dab780f93cf89b56
reddit,_im_baby,d385bff7ae1415cb
reddit,Notsriracha,61bd4c42a51df6bb
reddit,Substantial-Link-113,af5d1cccf42ebca4
reddit,kfiggs88,3e37ee6fe27e403d
reddit,elephant35e,ae67210cabfeb46c
reddit,no_reason88,703bfb6c926664fa
reddit,SomewhereOpen,44c4341dd34cd19e
reddit,Romarlik,95637d14965de579
reddit,Impossible_Bet_7181,773d1cfb3d891072
reddit,Moriclaw,3c32d9fecff8bedc
reddit,AmbitiousSoprano,0809cbbe30d0a916
reddit,ShiaLabeoufsNipples,5ba66f7dcfbb1af9
reddit,NightNectarr,d43a56be4c23c195
reddit,CraveWolf,c009c50bf814f888
reddit,Roanoketrees,2f01341e42f49340
reddit,Commercial_Trip_4438,1c8abf69b54407f4
reddit,Solid-Parsnip-62,a32b5aa731e7b85a
reddit,Traditional-Tea-1713,be0ef719a3f61175
reddit,Dry_Candle_Stick,b7a14404568b878f
reddit,NoseBreather333,4580633b1a0d03e5
reddit,Crazy_Shock_8200,8b4048e785bf84ba
reddit,Dizzy_Photograph5970,b4b62f78cbfd145d
reddit,RefrigeratorBoth8608,143eee39225cc773
reddit,Ready_Thought1370,44a04e8bf6e3eaa7
reddit,vxrairuvan,1b114f95387b96ee
reddit,Many-Photograph-3229,def36ea05c06278d
reddit,weregunnalose,fd65cfbd05a0be17
reddit,Objective-Acadia542,4fb24b31a739f5ab
reddit,Ginger630,3af52908eccd1feb
reddit,truth_fairy78,82f77cd40aaf016e
reddit,Thoraxe-the-Impaler,abd45e3ab733f953
reddit,Agreeable-Pick-4932,f92381cec5596085
reddit,AutistaChick,0040c569ca30b485
reddit,weirdcannabis,6a360ce0aec1fbce
reddit,landminephoenix,aa336b8b5f3c3cd7
reddit,smokeeeee2,209e2ede78eab0f9
reddit,VegetableEvidence336,d4a7ecabe4ee141b
reddit,Lightning_Bugger_00,1ae947a980541f47
reddit,NijiKoneko,aea560b2ea86fe00
reddit,Keeponkeepingon25,345f6df297b971d6
reddit,ElkProfessional1688,fa2f4da87e2a95ef
reddit,Bratzdollindia,957419e8b2678bd9
reddit,casedawgz,153f5865a7ccf425
reddit,Unicorn_druck,29c5f60601430f1d
reddit,ayshshs,6847eefc90facf39
reddit,simplylewissss,5a7a62d7901b3924
reddit,Aware-Fan9191,df7b14bc651a85e2
reddit,sad_times_i_guess,87a3ea0b052bf484
reddit,De_Wouter,226dce7d5dd9709a
reddit,SenatorPencilFace,6957bfaa6737a7e5
reddit,alllrightyyythennn,749521c3fd306ad4
reddit,l_3n,13e7484f72aa6a96
reddit,Wild_Willingness5465,ce04671b688e0247
reddit,smashedpootatoes,9c5d149016b5a9dd
reddit,Thepsyguy,139278a4a4259bfb
reddit,annon_bc_shy,0215d5bee3f6dbb0
reddit,shinankoku,4d8ca7bf1200931d
reddit,Khancap123,463d754f0a11cf32
reddit,Admirable_Teach5546,5ac1b9414db6ff26
reddit,Trevonhaywood,6cb31503b29bbd32
reddit,Majestic_Speaker_820,889423b4ced5e960
reddit,bitxhpxlls,11d68820f778a151
reddit,Impressive_gyat,b6ee3eee4cbb61e9
reddit,Giraffe17212,a948767ea3794b8b
reddit,Traditional-Clue2206,ee57079b39c9ef7b
reddit,Disastrous-Mention-1,a103ca9f5037aa81
reddit,arahzel,cc9e21c710bdc327
reddit,bonnydoe,6d02f99b6441061e
reddit,PonytailEnthusiast,c3ffbbca565614e8
reddit,SeesawMaleficent8400,096053e26011f6cd
reddit,Apocalypstick77,2afa45838ed32aa2
reddit,LIVE-LIFE-EVIL,6eed818c0bcfd066
reddit,Zavarakatranemi,583998a48e869562
reddit,Mysterious-Web5544,35803cdcecfa5fc9
reddit,unknownweirdperson,8d5ebebc6dab8a99
reddit,Ogrehunter,95c5e16983d75be8
reddit,Mostpalone923,261e993bc720a5cd
reddit,Doctordelayus,9204a3305332aacc
reddit,ImaginaryList174,eae7e93ed6c30a6b
reddit,HeartAccording5241,d4765a9428eb5e30
reddit,barry52166,5a5a2819d63c909c
reddit,raniruru47,3299a56673ad64b7
reddit,Fun_Signature2805,089c1f488c49adf4
reddit,superlamealt,01dcf0d1a01e325c
reddit,Electrical_Knee5646,787dfab0d7f5f537
reddit,Gold_Tower8609,364f8e44379b75f6
reddit,Relative_Gazelle8732,ae493896b1a727e4
reddit,DragonFruitTree,8d91c6bd6b8e139f
reddit,Subject988,95045c463d9daa07
reddit,BeautifulTerm3753,6e953df2eb28c35e
reddit,nutellaandbed7,d1091bb8bff67f13
reddit,Sappyliving,c660a7abe7b6854c
reddit,VivianDiane,c4ed2a769d799e60
reddit,truthm0de,316c5df3f4a06a3e
reddit,SheepherderActive336,26b0e7c6aa12acde
reddit,PinkShiftNova,6211534bd261744b
reddit,hvlochs,e5ff44c9a3e0b173
reddit,AnFnDumbKAREN,669bdc6fac5c4bd4
reddit,Downtherabbithole14,74543b037fd54b51
reddit,steppedinhairball,5faf0ce94734407a
reddit,the-soggiest-waffle,eab0cc447e30a3e2
reddit,BearlyJay,e6a716d9ce2d28a4
reddit,LisaInHawaii,81ea6b067b4cbf34
reddit,M_7L,941307dd810cfe41
reddit,kai6-8,29bbb78f5c590587
reddit,UntilYouKnowMe,72f6ac18f86a3b67
reddit,Glittering_Car_6255,de9dc365b1bb6c7b
reddit,Icy_Bones_999,83ff9c7b524f865d
